City_ID,City,Country,Date,Lat,Lng,Max Temp,Humidity,Cloudiness,Wind Speed
0,Bandarbeyla,SO,2022-12-29 21:39:43,9.4942,50.8122,77.11,73,72,19.01
1,Mount Gambier,AU,2022-12-29 21:39:43,-37.8333,140.7667,60.62,65,26,6.85
2,Pevek,RU,2022-12-29 21:39:43,69.7008,170.3133,-22.5,99,100,6.98
3,Nikolskoye,RU,2022-12-29 21:39:44,59.7035,30.7861,26.49,93,100,10.29
4,Lazaro Cardenas,MX,2022-12-29 21:39:44,17.9583,-102.2,81.3,59,100,10.02
5,Husavik,IS,2022-12-29 21:39:45,66.0449,-17.3389,20.34,69,100,18.21
6,Ushuaia,AR,2022-12-29 21:37:42,-54.8,-68.3,46.06,71,75,24.16
7,Katsuura,JP,2022-12-29 21:39:45,35.1333,140.3,45.95,54,99,12.35
8,Cape Town,ZA,2022-12-29 21:35:00,-33.9258,18.4232,63.1,59,0,31.07
9,Punta Arenas,CL,2022-12-29 21:38:42,-53.15,-70.9167,55.51,47,20,31.07
10,East London,ZA,2022-12-29 21:39:46,-33.0153,27.9116,62.55,76,89,11.86
11,Alihe,CN,2022-12-29 21:39:46,50.5667,123.7167,-5.98,92,83,2.82
12,New Norfolk,AU,2022-12-29 21:39:47,-42.7826,147.0587,60.93,55,1,1.99
13,Airai,TL,2022-12-29 21:39:47,-8.9266,125.4092,60.46,97,100,5.28
14,Bengkulu,ID,2022-12-29 21:39:48,-3.8004,102.2655,73.98,84,100,5.1
15,Russell,US,2022-12-29 21:39:48,32.3502,-85.1999,72.68,38,0,11.5
16,Codrington,AU,2022-12-29 21:39:48,-38.2667,141.9667,61.12,79,85,5.48
17,Tasiilaq,GL,2022-12-29 21:39:49,65.6145,-37.6368,6.96,62,90,3.69
18,Acarau,BR,2022-12-29 21:39:49,-2.8856,-40.12,79.88,79,10,12.62
19,Nome,US,2022-12-29 21:35:53,64.5011,-165.4064,-3.93,77,0,6.91
20,Caravelas,BR,2022-12-29 21:39:49,-17.7125,-39.2481,76.19,86,37,6.8
21,Sitka,US,2022-12-29 21:39:50,57.0531,-135.33,44.49,53,40,11.5
22,Sistranda,NO,2022-12-29 21:39:50,63.7256,8.834,40.96,73,100,24.16
23,Sumenep,ID,2022-12-29 21:39:51,-7.0167,113.8667,77.41,90,100,17.85
24,Bratca,RO,2022-12-29 21:39:51,46.9333,22.6167,45.05,80,100,8.7
25,El Seibo,DO,2022-12-29 21:39:52,18.7641,-69.0375,83.73,86,1,9.51
26,Souillac,MU,2022-12-29 21:39:52,-20.5167,57.5167,77.38,78,40,2.3
27,Rikitea,PF,2022-12-29 21:39:53,-23.1203,-134.9692,78.24,67,54,4.25
28,Shakawe,BW,2022-12-29 21:39:53,-18.3667,21.85,77.7,48,40,3.78
29,Hobart,AU,2022-12-29 21:39:53,-42.8794,147.3294,61.27,70,20,6.91
30,Hithadhoo,MV,2022-12-29 21:39:54,-0.6,73.0833,79.66,72,2,2.75
31,Itaituba,BR,2022-12-29 21:39:54,-4.2761,-55.9836,77.16,94,75,2.3
32,Kalawit,PH,2022-12-29 21:39:55,8.0667,122.5167,76.06,90,60,4.14
33,Hermanus,ZA,2022-12-29 21:39:55,-34.4187,19.2345,57.79,61,73,16.2
34,Albany,US,2022-12-29 21:35:23,42.6001,-73.9662,40.64,68,10,2.46
35,Moron,AR,2022-12-29 21:39:56,-34.6534,-58.6198,86.81,41,5,8.3
36,Aksha,RU,2022-12-29 21:39:56,50.2814,113.2867,-5.21,97,99,3.71
37,Bluff,NZ,2022-12-29 21:39:56,-46.6,168.3333,55.72,54,5,3.74
38,Bredasdorp,ZA,2022-12-29 21:39:57,-34.5322,20.0403,60.42,55,13,9.53
39,Paamiut,GL,2022-12-29 21:39:57,61.994,-49.6678,10.89,68,0,8.86
40,Butaritari,KI,2022-12-29 21:39:57,3.0707,172.7902,81.12,73,13,11.77
41,Atuona,PF,2022-12-29 21:39:58,-9.8,-139.0333,78.48,72,14,16.71
42,Sayan,PE,2022-12-29 21:39:58,-11.1361,-77.1933,70.86,81,100,5.03
43,Yellowknife,CA,2022-12-29 21:35:36,62.456,-114.3525,7.32,85,100,9.22
44,Marawi,PH,2022-12-29 21:39:59,7.9986,124.2928,67.93,93,84,2.64
45,Payson,US,2022-12-29 21:39:59,40.0444,-111.7321,37.29,70,0,1.01
46,Havre,FR,2022-12-29 21:39:59,49.5833,0.3333,46.17,81,0,13.8
47,Vaini,TO,2022-12-29 21:41:00,-21.2,-175.2,73.56,88,100,9.22
48,Qaanaaq,GL,2022-12-29 21:41:00,77.484,-69.3632,-23.3,74,38,5.93
49,Thompson,CA,2022-12-29 21:41:00,55.7435,-97.8558,5.16,85,75,6.91
50,Busselton,AU,2022-12-29 21:41:01,-33.65,115.3333,58.51,80,0,11.59
51,Meulaboh,ID,2022-12-29 21:41:01,4.1363,96.1285,73.45,90,59,4.56
52,Bumba,CD,2022-12-29 21:41:02,2.1833,22.4667,72.25,51,80,0.54
53,Egvekinot,RU,2022-12-29 21:41:02,66.3167,-179.1667,-15.88,86,31,10.33
54,Eureka,US,2022-12-29 21:41:02,40.8021,-124.1637,56.25,87,100,1.99
55,Cabo San Lucas,MX,2022-12-29 21:41:03,22.8909,-109.9124,80.62,64,75,13.8
56,Guantanamo,CU,2022-12-29 21:41:03,20.1444,-75.2092,83.77,43,10,9.6
57,Mitsamiouli,KM,2022-12-29 21:41:04,-11.3847,43.2844,81.03,75,10,5.91
58,Kodiak,US,2022-12-29 21:41:04,57.79,-152.4072,38.71,93,100,26.46
59,Dikson,RU,2022-12-29 21:41:05,73.5069,80.5464,-17.9,100,100,16.08
60,Shamkhal,RU,2022-12-29 21:41:05,43.0596,47.3373,28.38,63,65,2.08
61,Longyearbyen,SJ,2022-12-29 21:41:06,78.2186,15.6401,22.84,68,75,10.36
62,Sobolevo,RU,2022-12-29 21:41:06,54.4299,31.8996,32.67,99,100,10.0
63,Ust-Katav,RU,2022-12-29 21:41:07,54.9369,58.1656,9.18,95,100,3.27
64,Kloulklubed,PW,2022-12-29 21:41:07,7.0419,134.2556,73.9,80,86,12.55
65,Kirakira,SB,2022-12-29 21:41:08,-10.4544,161.9205,82.71,78,100,6.78
66,Magalia,US,2022-12-29 21:41:08,39.8121,-121.5783,42.35,88,100,1.99
67,Saint George,US,2022-12-29 21:40:58,37.1041,-113.5841,41.43,65,100,1.99
68,Yaan,NG,2022-12-29 21:41:08,7.3833,8.5667,79.34,20,17,9.8
69,Jamestown,US,2022-12-29 21:37:32,42.097,-79.2353,49.64,71,75,14.97
70,Emerald,AU,2022-12-29 21:41:09,-23.5333,148.1667,75.34,66,50,7.18
71,Te Anau,NZ,2022-12-29 21:40:58,-45.4167,167.7167,56.32,61,77,4.0
72,Puerto Penasco,MX,2022-12-29 21:37:14,31.3167,-113.5333,63.43,75,100,17.87
73,Antofagasta,CL,2022-12-29 21:41:10,-23.65,-70.4,69.08,71,22,8.57
74,Lagoa,PT,2022-12-29 21:41:10,39.05,-27.9833,62.74,82,100,36.55
75,Saint-Joseph,RE,2022-12-29 21:41:11,-21.3667,55.6167,73.78,82,20,4.68
76,Kaitangata,NZ,2022-12-29 21:41:11,-46.2817,169.8464,59.45,49,6,8.68
77,Mpraeso,GH,2022-12-29 21:41:12,6.5932,-0.7346,71.87,44,69,2.08
78,Erenhot,CN,2022-12-29 21:41:12,43.6475,111.9767,9.57,46,0,10.42
79,Kavaratti,IN,2022-12-29 21:41:13,10.5669,72.642,80.71,77,54,5.88
80,Barrow,US,2022-12-29 21:37:15,71.2906,-156.7887,-5.78,77,100,17.27
81,Chapais,CA,2022-12-29 21:41:13,49.7834,-74.8492,20.98,99,100,7.36
82,Clyde River,CA,2022-12-29 21:39:04,70.4692,-68.5914,-21.77,76,0,5.75
83,Rey Bouba,CM,2022-12-29 21:41:14,8.6724,14.1786,68.83,27,8,0.85
84,Inhambane,MZ,2022-12-29 21:41:14,-23.865,35.3833,78.42,70,83,10.0
85,Banda Aceh,ID,2022-12-29 21:41:15,5.5577,95.3222,76.55,83,99,8.97
86,Zadar,HR,2022-12-29 21:41:14,44.1197,15.2422,54.21,94,40,8.05
87,Hasaki,JP,2022-12-29 21:41:15,35.7333,140.8333,32.4,50,99,10.78
88,Kralendijk,BQ,2022-12-29 21:41:16,12.15,-68.2667,82.38,74,40,13.8
89,Grindavik,IS,2022-12-29 21:41:16,63.8424,-22.4338,21.67,68,40,16.11
90,Ancud,CL,2022-12-29 21:41:16,-41.8697,-73.8203,60.62,74,80,6.98
91,Mataura,NZ,2022-12-29 21:41:17,-46.1927,168.8643,60.06,45,30,4.65
92,Plessisville,CA,2022-12-29 21:39:15,46.2186,-71.762,28.63,96,100,3.18
93,Khatanga,RU,2022-12-29 21:41:17,71.9667,102.5,-19.23,98,100,11.21
94,Kyzyl-Suu,KG,2022-12-29 21:41:18,42.3414,78.0056,24.58,64,100,5.64
95,Tura,IN,2022-12-29 21:42:18,25.5198,90.2201,53.44,73,15,3.44
96,Gainesville,US,2022-12-29 21:42:18,29.6516,-82.3248,72.01,52,0,10.36
97,San Patricio,US,2022-12-29 21:42:19,28.017,-97.5169,78.89,72,100,5.1
98,Hofn,IS,2022-12-29 21:42:19,64.2539,-15.2082,17.28,66,6,19.26
99,Sao Jose Do Belmonte,BR,2022-12-29 21:42:21,-7.8614,-38.7597,82.24,41,42,4.68
100,Barinas,VE,2022-12-29 21:42:22,8.6226,-70.2075,87.84,48,100,4.61
101,Kabo,CF,2022-12-29 21:42:22,7.6994,18.629,71.04,24,41,5.68
102,Olinda,BR,2022-12-29 21:42:22,-8.0089,-34.8553,82.13,74,75,6.91
103,Fare,PF,2022-12-29 21:42:23,-16.7,-151.0167,81.23,73,8,15.7
104,Hilo,US,2022-12-29 21:42:23,19.7297,-155.09,81.25,75,75,11.99
105,Puerto Ayora,EC,2022-12-29 21:42:24,-0.7393,-90.3518,78.76,94,78,4.0
106,Vila Velha,BR,2022-12-29 21:42:24,-20.3297,-40.2925,80.55,86,0,17.27
107,Kapaa,US,2022-12-29 21:42:24,22.0752,-159.319,80.47,72,20,5.75
108,Hamilton,US,2022-12-29 21:42:21,39.1834,-84.5333,60.24,67,100,11.5
109,Nalut,LY,2022-12-29 21:42:25,30.3333,10.85,53.62,33,26,8.66
110,Terrace,CA,2022-12-29 21:42:26,54.5163,-128.6035,30.11,93,100,13.8
111,Kuli,RU,2022-12-29 21:42:26,42.0185,47.2434,20.25,53,28,7.4
112,Severo-Kurilsk,RU,2022-12-29 21:42:26,50.6789,156.125,25.79,88,100,11.74
113,Portland,US,2022-12-29 21:41:33,45.5234,-122.6762,49.08,95,100,11.5
114,Tuatapere,NZ,2022-12-29 21:42:27,-46.1333,167.6833,58.03,52,7,6.76
115,Taoudenni,ML,2022-12-29 21:42:27,22.6783,-3.9836,70.43,21,100,10.4
116,Victoria,HK,2022-12-29 21:40:00,22.2855,114.1577,57.25,72,12,11.01
117,Merauke,ID,2022-12-29 21:42:28,-8.4667,140.3333,76.73,90,100,8.5
118,Flinders,AU,2022-12-29 21:42:28,-34.5833,150.8552,65.17,92,100,7.0
119,Zhangye,CN,2022-12-29 21:42:29,38.9342,100.4517,17.65,32,0,1.57
120,Biltine,TD,2022-12-29 21:42:29,14.5333,20.9167,62.4,24,0,14.03
121,Avarua,CK,2022-12-29 21:42:30,-21.2078,-159.775,75.25,94,75,5.75
122,Luba,GQ,2022-12-29 21:42:30,3.4568,8.5547,80.55,80,97,5.12
123,Deputatskiy,RU,2022-12-29 21:42:31,69.3,139.9,-36.81,99,68,4.36
124,Lynn Haven,US,2022-12-29 21:42:31,30.2455,-85.6483,73.51,57,0,9.22
125,Rio Gallegos,AR,2022-12-29 21:42:31,-51.6226,-69.2181,59.05,31,75,42.57
126,Esperance,AU,2022-12-29 21:42:32,-33.8667,121.9,61.95,73,0,11.18
127,Bereda,ES,2022-12-29 21:42:32,43.2686,-7.5406,54.41,100,100,8.97
128,Moose Factory,CA,2022-12-29 21:42:33,51.2585,-80.6094,32.0,93,100,2.3
129,Tateyama,JP,2022-12-29 21:42:33,34.9833,139.8667,45.1,54,94,11.01
130,Mandera,KE,2022-12-29 21:42:33,3.9366,41.867,80.8,30,22,9.37
131,Belaya Gora,RU,2022-12-29 21:42:34,68.5333,146.4167,-18.35,98,100,7.18
132,Bilma,NE,2022-12-29 21:42:34,18.6853,12.9164,59.7,31,0,8.7
133,Beira,MZ,2022-12-29 21:39:04,-19.8436,34.8389,78.89,83,0,8.05
134,The Pas,CA,2022-12-29 21:42:34,53.8251,-101.2541,1.42,71,100,6.91
135,Challapata,BO,2022-12-29 21:42:35,-18.9,-66.7667,60.17,39,98,14.38
136,Cherskiy,RU,2022-12-29 21:42:35,68.75,161.3,-43.62,100,92,3.98
137,Hoi An,VN,2022-12-29 21:42:36,15.8794,108.335,66.16,88,100,10.92
138,Vestmannaeyjar,IS,2022-12-29 21:42:36,63.4427,-20.2734,21.36,64,11,22.77
139,Awjilah,LY,2022-12-29 21:42:36,29.1081,21.2869,58.48,69,1,6.55
140,Zaysan,KZ,2022-12-29 21:42:37,47.4667,84.8667,14.63,95,100,3.53
141,Tiksi,RU,2022-12-29 21:43:37,71.6872,128.8694,-8.36,98,100,9.8
142,Saint-Louis,SN,2022-12-29 21:43:38,16.3333,-15.0,69.71,61,53,3.44
143,Satellite Beach,US,2022-12-29 21:43:38,28.1761,-80.5901,77.02,68,0,11.5
144,Sao Joao Da Barra,BR,2022-12-29 21:43:38,-21.6403,-41.0511,80.69,92,90,4.18
145,Asau,RO,2022-12-29 21:43:39,46.4333,26.4,27.52,68,92,7.07
146,Kenai,US,2022-12-29 21:43:39,60.5544,-151.2583,28.45,86,0,18.41
147,Kazachinskoye,RU,2022-12-29 21:43:39,57.6953,93.2761,-15.95,100,83,2.26
148,Arraial Do Cabo,BR,2022-12-29 21:43:40,-22.9661,-42.0278,75.16,94,75,12.66
149,Sao Jose Da Coroa Grande,BR,2022-12-29 21:43:40,-8.8978,-35.1478,78.15,83,100,8.93
150,Lata,PT,2022-12-29 21:43:41,40.1629,-8.3327,61.07,95,100,11.32
151,Faya,SA,2022-12-29 21:43:41,18.3851,42.4509,53.71,81,45,4.7
152,Freetown,SL,2022-12-29 21:43:41,8.484,-13.2299,78.31,75,100,5.91
153,Aviles,ES,2022-12-29 21:39:39,43.5547,-5.9248,53.19,98,75,4.61
154,Geraldton,AU,2022-12-29 21:43:42,-28.7667,114.6,61.21,82,75,5.75
155,Chokurdakh,RU,2022-12-29 21:43:42,70.6333,147.9167,-38.52,100,99,6.6
156,Lorengau,PG,2022-12-29 21:43:43,-2.0226,147.2712,78.87,84,99,7.7
157,Marzuq,YE,2022-12-29 21:43:43,14.4,46.4667,60.26,52,6,3.22
158,Puerto Narino,CO,2022-12-29 21:43:44,-3.7703,-70.3831,78.55,91,82,2.08
159,Saskylakh,RU,2022-12-29 21:43:44,71.9167,114.0833,-2.92,86,100,23.69
160,Alpinopolis,BR,2022-12-29 21:43:44,-20.8636,-46.3881,66.18,96,100,1.68
161,Moses Lake,US,2022-12-29 21:43:45,47.1301,-119.2781,35.96,80,100,3.44
162,Fez,MA,2022-12-29 21:39:35,34.0372,-4.9998,48.45,71,0,6.91
163,Ciudad Bolivar,VE,2022-12-29 21:43:45,8.1222,-63.5497,85.24,51,24,11.79
164,Port Lincoln,AU,2022-12-29 21:43:46,-34.7333,135.8667,61.0,65,0,14.05
165,Praia Da Vitoria,PT,2022-12-29 21:43:46,38.7333,-27.0667,62.85,88,75,29.91
166,Sept-Iles,CA,2022-12-29 21:41:53,50.2001,-66.3821,17.6,78,100,5.75
167,Gejiu,CN,2022-12-29 21:43:47,23.306,103.1635,36.61,95,99,1.9
168,Udachnyy,RU,2022-12-29 21:43:47,66.4167,112.4,-25.42,99,100,6.04
169,Kiunga,PG,2022-12-29 21:43:47,-6.1219,141.2906,72.54,98,100,2.44
170,Valdemarpils,LV,2022-12-29 21:43:48,57.3707,22.5919,42.13,92,99,12.26
171,Lavrentiya,RU,2022-12-29 21:43:48,65.5833,-171.0,-9.24,86,70,9.89
172,Salima,MW,2022-12-29 21:43:49,-13.7804,34.4587,70.16,92,100,2.89
173,Provideniya,RU,2022-12-29 21:43:49,64.3833,-173.3,5.11,66,100,15.66
174,Mount Isa,AU,2022-12-29 21:43:50,-20.7333,139.5,76.77,78,40,3.44
175,Tuktoyaktuk,CA,2022-12-29 21:43:50,69.4541,-133.0374,-4.0,84,100,6.91
176,Lasa,IT,2022-12-29 21:43:50,46.6166,10.7002,38.28,95,97,2.59
177,Labuhan,ID,2022-12-29 21:43:51,-6.8844,112.2051,76.35,92,100,14.83
178,Lompoc,US,2022-12-29 21:43:51,34.6391,-120.4579,58.51,78,100,8.05
179,Iskateley,RU,2022-12-29 21:43:51,67.6803,53.1512,-0.27,88,100,10.36
180,Urengoy,RU,2022-12-29 21:43:52,65.9667,78.3667,-19.93,100,84,6.93
181,Carballo,ES,2022-12-29 21:43:52,43.213,-8.691,58.01,91,100,13.53
182,Khuzhir,RU,2022-12-29 21:43:53,53.1939,107.3397,15.67,78,92,6.76
183,Surt,LY,2022-12-29 21:43:53,31.2089,16.5887,62.24,71,31,1.83
184,El Viejo,NI,2022-12-29 21:43:53,12.6633,-87.1672,88.02,48,40,4.61
185,Gat,IL,2022-12-29 21:43:54,31.61,34.7642,56.39,65,0,2.35
186,Maniitsoq,GL,2022-12-29 21:43:54,65.4167,-52.9,11.26,85,99,5.64
187,Cururupu,BR,2022-12-29 21:44:55,-1.8283,-44.8683,74.71,94,82,3.29
188,Port Alfred,ZA,2022-12-29 21:44:55,-33.5906,26.891,59.18,95,92,3.0
189,Bethel,US,2022-12-29 21:43:37,41.3712,-73.414,49.05,40,0,6.91
190,Lebu,CL,2022-12-29 21:44:56,-37.6167,-73.65,61.86,70,2,24.25
191,Ballina,AU,2022-12-29 21:44:56,-28.8667,153.5667,72.01,98,99,11.63
192,Rocha,UY,2022-12-29 21:44:56,-34.4833,-54.3333,66.94,47,2,8.52
193,Port Hardy,CA,2022-12-29 21:44:57,50.6996,-127.4199,42.98,87,100,19.57
194,Port Elizabeth,ZA,2022-12-29 21:44:57,-33.918,25.5701,61.09,82,75,4.61
195,Ternate,ID,2022-12-29 21:44:58,0.8,127.4,80.26,82,99,8.39
196,Sur,OM,2022-12-29 21:44:58,22.5667,59.5289,71.37,60,0,16.46
197,Isangel,VU,2022-12-29 21:44:58,-19.55,169.2667,78.91,94,100,12.66
198,Quelimane,MZ,2022-12-29 21:44:59,-17.8786,36.8883,78.75,88,75,9.22
199,Isla Mujeres,MX,2022-12-29 21:44:59,21.2311,-86.731,77.58,84,64,14.52
200,Mehriz,IR,2022-12-29 21:45:00,31.5917,54.4318,32.5,46,0,4.74
201,Winnemucca,US,2022-12-29 21:45:00,40.973,-117.7357,33.85,86,100,12.66
202,Muros,ES,2022-12-29 21:45:00,42.7762,-9.0603,59.09,91,100,20.83
203,Puerto Del Rosario,ES,2022-12-29 21:45:01,28.5004,-13.8627,69.55,68,0,10.36
204,Carnarvon,AU,2022-12-29 21:45:02,-24.8667,113.6333,78.62,48,22,15.86
205,Sinnamary,GF,2022-12-29 21:45:02,5.3833,-52.95,76.46,86,96,5.93
206,Ramshir,IR,2022-12-29 21:45:02,30.8946,49.4092,47.95,61,0,7.25
207,Constitucion,CL,2022-12-29 21:45:03,-35.3333,-72.4167,68.25,57,7,7.36
208,Unidos,PH,2022-12-29 21:45:03,8.5942,123.668,75.09,90,63,1.99
209,Ribeira Grande,PT,2022-12-29 21:45:04,38.5167,-28.7,63.77,94,75,24.16
210,Goderich,CA,2022-12-29 21:44:46,43.7501,-81.7165,46.72,81,89,18.41
211,Pangkalanbuun,ID,2022-12-29 21:45:05,-2.6833,111.6167,73.94,90,97,4.05
212,Byron Bay,AU,2022-12-29 21:45:05,-28.65,153.6167,71.94,87,96,11.43
213,Zhovti Vody,UA,2022-12-29 21:45:05,48.3473,33.5003,35.17,94,84,9.8
214,Kabompo,ZM,2022-12-29 21:45:06,-13.5927,24.2008,64.76,94,81,4.59
215,Luderitz,NA,2022-12-29 21:45:06,-26.6481,15.1594,65.55,62,0,26.37
216,Dayong,CN,2022-12-29 21:45:07,25.0209,118.2898,50.7,89,22,3.24
217,Hohhot,CN,2022-12-29 21:45:08,40.8106,111.6522,-5.51,71,0,4.47
218,Agirish,RU,2022-12-29 21:45:08,61.9247,63.0231,-17.32,100,100,0.94
219,Kaputa,ZM,2022-12-29 21:45:09,-8.4689,29.6619,66.47,95,100,4.03
220,Kamenka,RU,2022-12-29 21:45:09,51.3223,42.7678,23.88,94,74,9.04
221,Narsaq,GL,2022-12-29 21:45:10,60.9167,-46.05,1.62,61,0,7.78
222,Dingle,PH,2022-12-29 21:45:10,10.9995,122.6711,73.9,95,73,5.48
223,San Quintin,MX,2022-12-29 21:45:11,30.4833,-115.95,61.92,62,82,14.14
224,Upernavik,GL,2022-12-29 21:45:11,72.7868,-56.1549,-5.26,91,100,9.13
225,Hualmay,PE,2022-12-29 21:45:12,-11.0964,-77.6139,72.39,77,100,9.35
226,Klaksvik,FO,2022-12-29 21:45:12,62.2266,-6.589,31.12,77,97,36.01
227,Meadow Lake,US,2022-12-29 21:45:13,34.8014,-106.5436,49.48,35,36,19.13
228,Chuy,UY,2022-12-29 21:45:13,-33.6971,-53.4616,66.36,57,0,10.27
229,Zhezkazgan,KZ,2022-12-29 21:45:13,47.8043,67.7144,19.02,96,98,4.68
230,Danielskuil,ZA,2022-12-29 21:46:14,-28.1887,23.5395,67.37,56,7,12.26
231,Shiraz,IR,2022-12-29 21:46:14,29.6036,52.5388,31.44,93,0,0.0
232,Fertorakos,HU,2022-12-29 21:46:14,47.7202,16.6504,28.81,81,76,2.75
233,Norman Wells,CA,2022-12-29 21:46:15,65.282,-126.8329,-5.76,77,75,4.61
234,Margate,GB,2022-12-29 21:46:16,51.3813,1.3862,44.87,83,10,3.0
235,Kihei,US,2022-12-29 21:45:23,20.785,-156.4656,80.62,69,20,8.05
236,Torbay,CA,2022-12-29 21:45:53,47.6666,-52.7314,22.26,76,20,12.66
237,Talnakh,RU,2022-12-29 21:46:17,69.4865,88.3972,-21.42,97,34,6.2
238,Medea,DZ,2022-12-29 21:46:17,36.2642,2.7539,45.88,76,0,3.2
239,Hobyo,SO,2022-12-29 21:46:17,5.3505,48.5268,76.87,76,95,20.62
240,Nanortalik,GL,2022-12-29 21:46:18,60.1432,-45.2371,19.94,81,4,3.24
241,Ishigaki,JP,2022-12-29 21:46:18,24.3448,124.1572,68.13,94,100,12.66
242,Inuvik,CA,2022-12-29 21:46:19,68.3499,-133.7218,-4.79,81,100,3.44
243,Panaba,MX,2022-12-29 21:46:20,21.2833,-88.2667,77.68,78,93,10.94
244,Ostrovnoy,RU,2022-12-29 21:46:20,68.0531,39.5131,20.03,90,48,14.63
245,Faanui,PF,2022-12-29 21:46:21,-16.4833,-151.75,81.01,74,22,14.38
246,Dunedin,NZ,2022-12-29 21:45:54,-45.8742,170.5036,59.81,95,73,12.1
247,Cayenne,GF,2022-12-29 21:46:21,4.9333,-52.3333,78.84,78,0,6.91
248,Kutum,SD,2022-12-29 21:46:21,14.2,24.6667,53.29,30,0,9.95
249,Ketchikan,US,2022-12-29 21:46:22,55.3422,-131.6461,39.18,93,100,9.22
250,Morant Bay,JM,2022-12-29 21:46:22,17.8815,-76.4093,85.71,73,1,10.18
251,Katangli,RU,2022-12-29 21:46:23,51.7102,143.2326,-7.82,97,53,10.94
252,Cacequi,BR,2022-12-29 21:46:23,-29.8836,-54.825,87.04,16,0,9.55
253,Mecca,SA,2022-12-29 21:43:08,21.4267,39.8261,71.6,51,100,1.43
254,Tshikapa,CD,2022-12-29 21:46:24,-6.4167,20.8,69.42,95,99,0.67
255,Selikhino,RU,2022-12-29 21:46:24,50.3672,137.4996,2.41,93,100,11.14
256,Fortuna,US,2022-12-29 21:46:24,40.5982,-124.1573,55.98,83,100,11.01
257,Kathu,TH,2022-12-29 21:46:25,7.9178,98.3332,81.7,99,96,9.37
258,Teknaf,BD,2022-12-29 21:46:25,20.8624,92.3058,60.84,62,22,5.95
259,Cockburn Town,TC,2022-12-29 21:46:26,21.4612,-71.1419,80.56,69,40,13.8
260,Mirabad,AF,2022-12-29 21:46:26,30.4362,61.8383,48.31,57,0,8.16
261,Porto Novo,BJ,2022-12-29 21:42:22,6.4965,2.6036,80.42,80,83,5.95
262,Murgab,TM,2022-12-29 21:46:26,37.4966,61.9714,35.47,93,0,6.91
263,Kandiari,PK,2022-12-29 21:46:27,26.9156,68.5216,61.59,38,0,10.71
264,Kerman,IR,2022-12-29 21:46:28,30.2832,57.0788,26.46,86,0,4.61
265,Hasanpur,IN,2022-12-29 21:46:28,28.7167,78.2833,55.09,47,83,5.75
266,Carauari,BR,2022-12-29 21:46:29,-4.8828,-66.8958,77.9,85,97,2.66
267,Caborca,MX,2022-12-29 21:46:30,30.5838,-111.101,54.72,66,100,7.72
268,Castro,BR,2022-12-29 21:46:30,-24.7911,-50.0119,67.77,68,1,3.98
269,Cidreira,BR,2022-12-29 21:46:31,-30.1811,-50.2056,69.58,60,0,11.25
270,Haflong,IN,2022-12-29 21:46:31,25.1833,93.0333,50.61,78,87,0.83
271,Juneau,US,2022-12-29 21:43:31,58.3019,-134.4197,34.21,100,75,0.0
272,Kaoma,ZM,2022-12-29 21:46:32,-14.7833,24.8,67.23,85,100,6.06
273,Krasnyy Chikoy,RU,2022-12-29 21:46:32,50.3643,108.7512,-5.73,98,100,0.94
274,Ponta Do Sol,PT,2022-12-29 21:46:33,32.6667,-17.1,65.71,53,5,3.94
275,Asyut,EG,2022-12-29 21:47:33,27.181,31.1837,53.78,52,0,6.58
276,Puerto Rondon,CO,2022-12-29 21:47:34,6.2805,-71.1,86.54,49,12,8.55
277,Jaroslaw,PL,2022-12-29 21:47:34,50.0162,22.6778,42.71,75,76,18.7
278,Beringovskiy,RU,2022-12-29 21:47:35,63.05,179.3167,-12.01,88,100,15.21
279,Cangucu,BR,2022-12-29 21:47:36,-31.395,-52.6756,70.81,56,4,11.34
280,Alyangula,AU,2022-12-29 21:47:36,-13.8483,136.4192,81.95,78,100,20.31
281,Konce,MK,2022-12-29 21:47:36,41.4958,22.385,40.46,91,10,2.86
282,Yambio,SS,2022-12-29 21:47:37,4.5721,28.3955,77.68,35,100,2.51
283,Kozhva,RU,2022-12-29 21:47:37,65.1073,57.0459,-17.54,100,65,3.4
284,Kandrian,PG,2022-12-29 21:47:38,-6.2167,149.55,77.79,84,100,7.76
285,Emmen,NL,2022-12-29 21:47:38,52.7792,6.9069,44.94,88,100,13.0
286,Oussouye,SN,2022-12-29 21:47:39,12.485,-16.5469,74.01,63,100,6.78
287,Grand Gaube,MU,2022-12-29 21:47:39,-20.0064,57.6608,77.4,75,2,6.89
288,Port-Gentil,GA,2022-12-29 21:47:40,-0.7193,8.7815,82.36,83,40,4.61
289,Tomatlan,MX,2022-12-29 21:47:40,19.9333,-105.25,83.23,35,48,6.17
290,Avera,US,2022-12-29 21:47:40,33.194,-82.5271,65.71,69,0,5.53
291,Nemuro,JP,2022-12-29 21:47:41,43.3236,145.575,26.89,73,60,18.16
292,Basco,PH,2022-12-29 21:47:41,20.4487,121.9702,71.47,84,100,22.95
293,Tokur,RU,2022-12-29 21:47:42,53.1333,132.9,-27.06,100,99,2.8
294,Viradouro,BR,2022-12-29 21:47:42,-20.8731,-48.2969,71.65,88,97,5.82
295,Kiruna,SE,2022-12-29 21:47:42,67.8557,20.2251,16.72,93,75,10.36
296,Shimoda,JP,2022-12-29 21:47:43,34.6667,138.95,45.09,73,66,3.56
297,Bambous Virieux,MU,2022-12-29 21:47:43,-20.3428,57.7575,77.25,78,40,2.3
298,Funadhoo,MV,2022-12-29 21:47:43,6.15,73.2667,81.55,77,58,16.96
299,Coari,BR,2022-12-29 21:47:44,-4.085,-63.1414,76.08,95,69,3.18
300,Sile,TR,2022-12-29 21:47:44,41.1754,29.6133,48.87,76,0,3.44
301,Zdvinsk,RU,2022-12-29 21:47:45,54.7021,78.661,-14.8,100,100,2.62
302,Aklavik,CA,2022-12-29 21:47:45,68.2191,-135.0107,-7.6,71,75,8.05
303,Majene,ID,2022-12-29 21:47:46,-3.5403,118.9707,77.63,81,100,3.33
304,Bonthe,SL,2022-12-29 21:47:46,7.5264,-12.505,78.84,81,97,7.18
305,Yulara,AU,2022-12-29 21:47:46,-25.2406,130.9889,77.23,48,100,18.63
306,Jutai,BR,2022-12-29 21:47:47,-5.1833,-68.9,77.86,92,90,3.11
307,Mandan,US,2022-12-29 21:47:47,46.8267,-100.8896,17.58,78,100,12.66
308,Enkhuizen,NL,2022-12-29 21:47:48,52.7,5.2833,47.03,85,72,5.99
309,Tazmalt,DZ,2022-12-29 21:47:48,36.3868,4.3989,51.62,56,1,3.6
310,Sabang,ID,2022-12-29 21:47:49,5.8933,95.3214,79.39,70,100,10.94
311,Kangalassy,RU,2022-12-29 21:47:49,62.3464,129.9628,-23.87,99,100,5.37
312,Raudeberg,NO,2022-12-29 21:47:49,61.9875,5.1352,43.47,1,100,22.39
313,Timmins,CA,2022-12-29 21:45:53,48.4669,-81.3331,35.42,93,100,8.05
314,Namibe,AO,2022-12-29 21:47:50,-15.1961,12.1522,72.59,77,100,4.54
315,Alpena,US,2022-12-29 21:46:39,45.0617,-83.4327,45.1,91,100,10.36
316,Mar Del Plata,AR,2022-12-29 21:47:50,-38.0023,-57.5575,84.22,28,0,16.11
317,Severnoye,RU,2022-12-29 21:47:51,56.3491,78.3619,-9.51,100,90,4.85
318,Okhotsk,RU,2022-12-29 21:48:51,59.3833,143.3,-7.71,88,58,7.23
319,Coruripe,BR,2022-12-29 21:48:51,-10.1256,-36.1756,77.18,82,36,7.96
320,Pennagaram,IN,2022-12-29 21:48:52,12.1333,77.9,66.0,86,19,2.55
321,Tamandare,BR,2022-12-29 21:48:52,-8.7597,-35.1047,77.97,84,100,7.78
322,Auki,SB,2022-12-29 21:48:53,-8.7676,160.7034,81.39,77,100,3.58
323,Yanam,IN,2022-12-29 21:48:53,16.7333,82.2167,70.45,94,2,2.28
324,Ilulissat,GL,2022-12-29 21:48:54,69.2167,-51.1,14.02,73,75,18.41
325,Morwell,AU,2022-12-29 21:48:54,-38.2333,146.4,66.47,65,41,5.37
326,Arteaga,MX,2022-12-29 21:48:54,18.4667,-102.4167,73.81,42,100,6.53
327,Harper,LR,2022-12-29 21:48:55,4.375,-7.7169,79.2,83,43,7.18
328,Necochea,AR,2022-12-29 21:44:20,-38.5473,-58.7368,73.06,42,2,12.15
329,Dawson Creek,CA,2022-12-29 21:48:55,55.7666,-120.2362,-0.76,85,0,3.44
330,Saldanha,ZA,2022-12-29 21:48:56,-33.0117,17.9442,61.95,68,59,23.09
331,Ixtapa,MX,2022-12-29 21:48:56,20.7,-105.2,80.22,58,55,3.0
332,Jumla,NP,2022-12-29 21:48:56,29.2747,82.1838,35.04,63,8,2.24
333,Alofi,NU,2022-12-29 21:48:57,-19.0595,-169.9187,84.09,79,75,4.61
334,Christchurch,NZ,2022-12-29 21:45:11,-43.5333,172.6333,61.92,63,100,16.11
335,Herat,AF,2022-12-29 21:48:57,34.5,62.0,36.81,65,0,3.65
336,Kununurra,AU,2022-12-29 21:48:57,-15.7667,128.7333,78.78,94,100,5.75
337,Diamantina,BR,2022-12-29 21:48:58,-18.2494,-43.6003,67.15,76,100,2.26
338,Porbandar,IN,2022-12-29 21:48:58,21.6422,69.6093,70.18,80,2,10.02
339,Hwange,ZW,2022-12-29 21:48:59,-18.3693,26.5019,77.16,48,75,1.3
340,Leningradskiy,RU,2022-12-29 21:48:59,69.3833,178.4167,-18.02,91,100,11.3
341,Acari,PE,2022-12-29 21:48:59,-15.4311,-74.6158,75.13,74,81,7.9
342,Kenora,CA,2022-12-29 21:49:00,49.8167,-94.4337,25.77,100,100,6.91
343,Salinas,US,2022-12-29 21:49:00,36.6777,-121.6555,54.75,83,100,17.27
344,Anadyr,RU,2022-12-29 21:49:01,64.75,177.4833,-19.7,76,0,8.95
345,Padang,ID,2022-12-29 21:49:01,-0.9492,100.3543,71.65,85,100,3.74
346,Kyabe,TD,2022-12-29 21:49:01,9.4515,18.9449,72.52,23,34,5.06
347,Umea,SE,2022-12-29 21:49:02,63.8284,20.2597,31.93,93,100,19.57
348,Kahului,US,2022-12-29 21:49:02,20.8947,-156.47,80.62,67,20,8.05
349,Chabahar,IR,2022-12-29 21:49:03,25.2919,60.643,68.09,44,0,9.4
350,Mahebourg,MU,2022-12-29 21:49:03,-20.4081,57.7,77.29,78,40,2.3
351,Wapi Pathum,TH,2022-12-29 21:49:03,15.8452,103.3768,64.33,74,89,12.44
352,Krasnotorka,UA,2022-12-29 21:49:04,48.682,37.5327,35.64,82,100,11.83
353,Blackwater,AU,2022-12-29 21:49:04,-23.5833,148.8833,77.74,54,54,4.76
354,Pisco,PE,2022-12-29 21:49:05,-13.7,-76.2167,73.45,73,0,19.57
355,Sao Jose Do Rio Pardo,BR,2022-12-29 21:49:06,-21.5956,-46.8886,69.71,91,99,3.18
356,Idaho Falls,US,2022-12-29 21:49:06,43.4666,-112.0341,28.99,83,100,3.44
357,Nsanje,MW,2022-12-29 21:49:06,-16.92,35.262,72.66,97,99,1.61
358,Manta,EC,2022-12-29 21:47:23,-0.95,-80.7333,80.38,69,40,6.91
359,Sitamau,IN,2022-12-29 21:49:07,24.0167,75.35,61.57,32,0,3.67
360,Nabire,ID,2022-12-29 21:49:07,-3.3667,135.4833,76.21,90,99,1.83
361,Takoradi,GH,2022-12-29 21:49:08,4.8845,-1.7554,79.61,82,61,6.98
362,Sao Lourenco Do Sul,BR,2022-12-29 21:49:08,-31.3653,-51.9783,68.31,58,2,11.03
363,Palmer,US,2022-12-29 21:49:08,42.1584,-72.3287,50.41,43,75,5.75
364,Uvinza,TZ,2022-12-29 21:49:09,-5.1036,30.3911,65.19,99,100,1.14
365,Georgetown,MY,2022-12-29 21:49:09,5.4112,100.3354,77.9,84,20,6.91
366,San Andres,CO,2022-12-29 21:49:10,12.5847,-81.7006,84.22,70,20,13.8
367,Staraya Mayna,RU,2022-12-29 21:49:10,54.6,48.95,15.91,99,81,3.78
368,Syriam,MM,2022-12-29 21:50:11,16.7722,96.2378,71.71,94,20,2.3
369,Nianzishan,CN,2022-12-29 21:50:11,47.5167,122.8833,-6.7,91,15,3.69
370,Koumac,NC,2022-12-29 21:50:12,-20.5667,164.2833,81.19,77,38,8.05
371,Labrea,BR,2022-12-29 21:50:13,-7.2586,-64.7981,79.74,82,99,4.38
372,Vanimo,PG,2022-12-29 21:50:14,-2.6741,141.3028,76.48,88,100,4.61
373,Zaprudnya,RU,2022-12-29 21:50:14,56.5667,37.4333,22.57,96,99,4.74
374,Yerbogachen,RU,2022-12-29 21:50:14,61.2767,108.0108,-25.29,97,100,6.33
375,Amahai,ID,2022-12-29 21:50:15,-3.3333,128.9167,79.07,82,100,5.46
376,Dubai,AE,2022-12-29 21:45:47,25.2582,55.3047,66.13,68,0,4.61
377,Huarmey,PE,2022-12-29 21:50:15,-10.0681,-78.1522,73.02,78,100,9.44
378,Basoko,CD,2022-12-29 21:50:16,1.2391,23.616,72.81,61,46,3.85
379,Vardo,NO,2022-12-29 21:50:16,70.3705,31.1107,22.98,86,75,24.16
380,Scarborough,GB,2022-12-29 21:50:16,54.2797,-0.4044,41.67,84,42,8.01
381,Nyurba,RU,2022-12-29 21:50:17,63.2842,118.3319,-22.7,96,99,7.27
382,Tambo,PE,2022-12-29 21:50:18,-14.8,-73.9167,40.05,88,98,9.51
383,Tarko-Sale,RU,2022-12-29 21:50:18,64.9225,77.785,-17.05,99,83,7.56
384,Okha,RU,2022-12-29 21:50:19,53.5739,142.9478,-4.95,95,53,15.75
385,Iquique,CL,2022-12-29 21:50:19,-20.2208,-70.1431,71.64,71,11,7.09
386,Mayumba,GA,2022-12-29 21:50:19,-3.432,10.6554,78.15,90,94,4.32
387,Dauphin,CA,2022-12-29 21:50:20,51.1494,-100.0502,5.14,85,100,13.8
388,Vodnyy,RU,2022-12-29 21:50:20,63.5046,53.4095,-9.06,99,100,4.34
389,Xuddur,SO,2022-12-29 21:50:21,4.1213,43.8894,71.56,55,2,15.79
390,Broken Hill,AU,2022-12-29 21:49:00,-31.95,141.4333,72.99,32,71,17.02
391,Erzin,TR,2022-12-29 21:50:21,36.9559,36.2,50.79,61,1,5.55
392,Ramgarh,IN,2022-12-29 21:50:22,23.6333,85.5167,57.25,37,3,4.29
393,Guerrero Negro,MX,2022-12-29 21:50:22,27.9769,-114.0611,65.73,70,100,11.18
394,Walvis Bay,NA,2022-12-29 21:50:23,-22.9575,14.5053,63.55,77,0,3.44
395,Los Llanos De Aridane,ES,2022-12-29 21:50:23,28.6585,-17.9182,66.13,56,0,8.05
396,Rawson,AR,2022-12-29 21:50:24,-43.3002,-65.1023,65.32,55,100,15.55
397,Deneysville,ZA,2022-12-29 21:50:24,-26.8908,28.0971,61.56,75,69,6.17
398,Shache,CN,2022-12-29 21:50:24,38.4167,77.2406,26.1,43,100,0.43
399,Gari,RU,2022-12-29 21:50:25,59.4307,62.3497,-16.13,100,56,2.06
400,Alice Springs,AU,2022-12-29 21:50:25,-23.7,133.8833,72.95,78,93,5.75
401,Prince Rupert,CA,2022-12-29 21:50:25,54.3161,-130.3201,44.29,75,100,37.98
402,Bratsk,RU,2022-12-29 21:45:45,56.1325,101.6142,1.89,95,91,6.49
403,Garden City,US,2022-12-29 21:48:37,42.3256,-83.331,53.92,78,100,16.11
404,Skibbereen,IE,2022-12-29 21:46:04,51.55,-9.2667,52.11,89,100,29.33
405,Surab,PK,2022-12-29 21:50:26,28.4914,66.2585,35.89,81,5,10.71
406,Taguatinga,BR,2022-12-29 21:50:27,-12.3857,-46.5711,75.63,79,84,2.68
407,Sioux Lookout,CA,2022-12-29 21:50:27,50.1001,-91.917,23.07,100,100,0.0
408,Uyutne,UA,2022-12-29 21:50:27,45.1994,33.3014,46.69,68,100,14.58
409,Linxia,CN,2022-12-29 21:50:28,35.6003,103.2064,18.41,38,0,0.76
410,Muli,MV,2022-12-29 21:50:28,2.9167,73.5667,80.74,74,100,9.42
411,Cap Malheureux,MU,2022-12-29 21:50:28,-19.9842,57.6142,74.46,75,2,6.91
412,Luena,AO,2022-12-29 21:50:29,-11.7833,19.9167,64.06,94,100,2.57
413,Sao Filipe,CV,2022-12-29 21:50:29,14.8961,-24.4956,72.72,67,35,9.8
414,Severo-Yeniseyskiy,RU,2022-12-29 21:51:30,60.3725,93.0408,-18.15,100,99,2.42
415,University Place,US,2022-12-29 21:51:30,47.2356,-122.5504,47.37,92,100,1.01
416,Moranbah,AU,2022-12-29 21:51:30,-22.0016,148.0466,77.0,55,95,0.74
417,Bulgan,MN,2022-12-29 21:51:31,48.8125,103.5347,-0.17,82,27,4.18
418,Camopi,GF,2022-12-29 21:51:31,3.1655,-52.3158,72.27,91,98,2.01
419,Ndioum,SN,2022-12-29 21:51:32,16.5129,-14.6471,73.63,51,82,0.47
420,Ust-Kut,RU,2022-12-29 21:51:32,56.7938,105.7672,5.77,93,100,8.21
421,Ponta Delgada,PT,2022-12-29 21:51:32,37.7333,-25.6667,63.32,82,75,17.27
422,Port Blair,IN,2022-12-29 21:51:33,11.6667,92.75,71.64,94,40,2.3
423,Rovaniemi,FI,2022-12-29 21:51:33,66.5,25.7167,18.81,93,100,17.27
424,Ukiah,US,2022-12-29 21:51:33,39.1502,-123.2078,52.11,92,100,0.0
425,Grootfontein,NA,2022-12-29 21:51:34,-19.5667,18.1167,69.37,83,57,2.3
426,Jaru,BR,2022-12-29 21:51:34,-10.4389,-62.4664,73.98,97,94,2.84
427,Watertown,US,2022-12-29 21:51:35,42.3709,-71.1828,46.74,61,38,7.87
428,Diego De Almagro,CL,2022-12-29 21:51:35,-26.3667,-70.05,76.3,26,0,11.34
429,Mims,US,2022-12-29 21:51:35,28.6653,-80.8448,75.49,61,0,10.36
430,Richards Bay,ZA,2022-12-29 21:51:36,-28.783,32.0377,70.12,94,100,18.32
431,Pangnirtung,CA,2022-12-29 21:51:36,66.1451,-65.7125,-4.0,84,100,12.66
432,Port Hedland,AU,2022-12-29 21:47:40,-20.3167,118.5667,80.65,50,98,8.05
433,Bose,IT,2022-12-29 21:51:37,45.4612,8.0137,41.2,77,100,2.77
434,Bogorodskoye,RU,2022-12-29 21:51:37,56.55,37.8833,22.59,95,100,4.52
435,Anloga,GH,2022-12-29 21:51:37,5.7947,0.8973,80.19,78,100,6.69
436,Kavieng,PG,2022-12-29 21:51:38,-2.5744,150.7967,79.88,80,100,9.08
437,Namie,JP,2022-12-29 21:51:38,37.4833,141.0,36.72,78,7,4.63
438,Corinto,GR,2022-12-29 21:51:39,37.9407,22.9573,50.9,81,62,2.59
439,Touros,BR,2022-12-29 21:51:39,-5.1989,-35.4608,79.48,78,5,12.71
440,Miri,MY,2022-12-29 21:51:40,4.4148,114.0089,77.16,94,40,4.61
441,Skjervoy,NO,2022-12-29 21:51:40,70.0311,20.9714,28.4,61,100,30.44
442,Hambantota,LK,2022-12-29 21:51:40,6.1241,81.1185,71.94,100,20,4.61
443,Foix,FR,2022-12-29 21:51:41,42.8333,1.5833,48.51,83,100,3.94
444,High Level,CA,2022-12-29 21:51:41,58.5169,-117.136,5.11,92,40,5.75
445,Leshukonskoye,RU,2022-12-29 21:51:41,64.8989,45.7622,7.21,97,100,4.59
446,Khorixas,NA,2022-12-29 21:51:42,-20.3667,14.9667,75.52,42,83,5.59
447,Port Hawkesbury,CA,2022-12-29 21:51:42,45.6169,-61.3485,29.79,81,100,3.44
448,Ghanzi,BW,2022-12-29 21:51:43,-21.5667,21.7833,77.18,49,94,9.98
449,Roseburg,US,2022-12-29 21:51:43,43.2165,-123.3417,50.11,76,100,0.0
450,Muswellbrook,AU,2022-12-29 21:51:43,-32.2667,150.9,77.32,63,98,6.04
451,Green River,US,2022-12-29 21:46:46,41.5286,-109.4662,22.69,83,7,12.19
452,Puri,IN,2022-12-29 21:51:44,19.8,85.85,64.92,79,2,6.08
453,Abha,SA,2022-12-29 21:51:44,18.2164,42.5053,53.42,82,20,0.0
454,Aksarka,RU,2022-12-29 21:51:45,66.5606,67.7975,-20.09,100,97,2.84
455,Mehran,IR,2022-12-29 21:51:45,33.1222,46.1646,51.69,57,0,5.57
456,Castellammare Del Golfo,IT,2022-12-29 21:52:46,38.0188,12.8858,57.22,77,100,7.92
457,Srednekolymsk,RU,2022-12-29 21:52:46,67.45,153.6833,-41.37,100,85,3.18
458,Kimberley,ZA,2022-12-29 21:52:47,-28.7323,24.7623,66.51,59,14,19.01
459,Boa Vista,BR,2022-12-29 21:52:47,2.8197,-60.6733,82.38,65,20,6.91
460,Mehamn,NO,2022-12-29 21:52:48,71.0357,27.8492,22.95,80,100,40.29
461,Novi Iskar,BG,2022-12-29 21:52:48,42.8,23.35,41.83,87,100,0.0
462,Price,US,2022-12-29 21:52:48,39.5994,-110.8107,31.26,59,0,6.91
463,Saint-Philippe,RE,2022-12-29 21:52:49,-21.3585,55.7679,74.79,82,27,5.84
464,Ornskoldsvik,SE,2022-12-29 21:52:49,63.2909,18.7153,32.95,100,100,18.41
465,Kruisfontein,ZA,2022-12-29 21:52:50,-34.0033,24.7314,56.88,64,100,3.71
466,Aleksandrov Gay,RU,2022-12-29 21:52:50,50.147,48.5704,28.29,86,98,8.86
467,Silay,PH,2022-12-29 21:52:51,10.798,122.9757,76.59,88,85,4.34
468,Kailua,US,2022-12-29 21:52:51,21.4022,-157.7394,82.08,56,75,6.91
469,Raga,SS,2022-12-29 21:52:51,8.4596,25.678,68.31,29,3,4.9
470,Saint Anthony,US,2022-12-29 21:52:52,45.0205,-93.218,37.29,83,100,6.91
471,Novobirilyussy,RU,2022-12-29 21:52:52,56.9514,90.6661,-15.09,100,93,1.52
472,Prabumulih,ID,2022-12-29 21:52:53,-3.45,104.25,72.27,98,100,2.75
473,Whitianga,NZ,2022-12-29 21:51:13,-36.8333,175.7,73.45,58,8,5.28
474,Svobodnyy,RU,2022-12-29 21:52:54,51.4,128.1333,-20.81,100,84,3.78
475,Yeniseysk,RU,2022-12-29 21:52:54,58.4497,92.1703,-23.39,100,98,0.76
476,Taft,IR,2022-12-29 21:52:54,31.7471,54.2088,31.95,87,0,0.0
477,Quatre Cocos,MU,2022-12-29 21:52:55,-20.2078,57.7625,77.11,75,7,4.14
478,Vila Franca Do Campo,PT,2022-12-29 21:52:55,37.7167,-25.4333,63.01,88,100,16.84
479,Hokitika,NZ,2022-12-29 21:52:55,-42.7167,170.9667,66.31,67,100,4.18
480,Cairns,AU,2022-12-29 21:52:56,-16.9167,145.7667,77.11,89,75,4.61
481,Huron,US,2022-12-29 21:52:56,41.1501,-82.5499,54.86,89,98,18.07
482,Spiez,CH,2022-12-29 21:52:57,46.6847,7.6911,45.39,93,100,3.0
483,Estevan,CA,2022-12-29 21:52:57,49.1334,-102.9842,16.14,85,100,8.05
484,Gizo,SB,2022-12-29 21:52:57,-8.103,156.8419,82.62,69,93,6.71
485,Luanda,AO,2022-12-29 21:52:36,-8.8368,13.2343,78.8,83,75,9.22
486,Marquette,US,2022-12-29 21:52:58,46.5333,-87.6335,38.82,86,100,6.15
487,Shepsi,RU,2022-12-29 21:52:58,44.0361,39.1489,42.98,63,87,8.84
488,Balikpapan,ID,2022-12-29 21:52:59,-1.2675,116.8289,77.99,89,20,2.3
489,Moncton,CA,2022-12-29 21:52:59,46.1159,-64.8019,28.06,86,100,4.61
490,Mouila,GA,2022-12-29 21:52:59,-1.8685,11.0559,74.44,97,99,0.49
491,Antsohihy,MG,2022-12-29 21:53:00,-14.8796,47.9875,74.66,89,31,2.1
492,Fort Dodge,US,2022-12-29 21:53:00,42.4975,-94.168,40.98,87,100,5.75
493,Bathsheba,BB,2022-12-29 21:53:01,13.2167,-59.5167,77.61,88,75,17.27
494,Bubaque,GW,2022-12-29 21:53:01,11.2833,-15.8333,78.82,75,100,17.09
495,Sungairaya,ID,2022-12-29 21:53:01,0.7,108.9,76.84,79,88,9.55
496,Livramento,BR,2022-12-29 21:53:02,-3.0254,-60.1803,84.87,69,20,5.75
497,Ahome,MX,2022-12-29 21:54:02,25.9167,-109.1833,71.98,53,99,8.61
498,Locharbriggs,GB,2022-12-29 21:54:03,55.1034,-3.5844,38.64,87,90,6.67
499,Aguimes,ES,2022-12-29 21:54:03,27.9054,-15.4461,66.83,70,0,4.0
500,Ahipara,NZ,2022-12-29 21:54:04,-35.1667,173.1667,72.09,65,2,7.78
501,Biskamzha,RU,2022-12-29 21:54:04,53.4497,89.5272,10.9,97,100,1.79
502,Blizhne-Pesochnoye,RU,2022-12-29 21:54:04,55.3456,42.1015,18.3,96,100,2.68
503,Angoche,MZ,2022-12-29 21:54:05,-16.2325,39.9086,78.57,82,100,6.38
504,Chimore,BO,2022-12-29 21:54:05,-16.9833,-65.1333,77.63,79,100,0.96
505,Coihaique,CL,2022-12-29 21:54:06,-45.5752,-72.0662,65.01,45,40,9.22
506,Poum,NC,2022-12-29 21:54:06,-20.2333,164.0167,80.31,79,30,12.68
507,Broome,US,2022-12-29 21:54:07,42.2506,-75.833,44.02,76,28,1.01
508,Karpathos,GR,2022-12-29 21:54:07,35.507,27.2132,58.96,72,0,3.44
509,Mayo,US,2022-12-29 21:54:08,38.8876,-76.5119,50.0,62,0,4.61
510,Belle Glade,US,2022-12-29 21:53:44,26.6845,-80.6676,76.05,74,55,12.01
511,Stromness,GB,2022-12-29 21:54:08,58.965,-3.296,41.88,75,78,23.0
512,Edd,ER,2022-12-29 21:54:08,13.9297,41.6925,81.01,56,41,18.81
513,Zyryanka,RU,2022-12-29 21:54:09,65.75,150.85,-38.94,100,96,3.76
514,Toowoomba,AU,2022-12-29 21:54:09,-27.55,151.9667,71.31,63,55,15.23
515,Xifeng,CN,2022-12-29 21:54:10,42.7372,124.7222,-0.44,91,5,4.25
516,Dawlatabad,AF,2022-12-29 21:54:10,36.4141,64.9053,39.0,80,2,5.06
517,Idrinskoye,RU,2022-12-29 21:54:11,54.3708,92.1358,-9.22,99,54,3.53
518,Kidal,ML,2022-12-29 21:54:11,18.4411,1.4078,67.6,17,100,12.88
519,Nanchang,CN,2022-12-29 21:54:12,28.6833,115.8833,41.67,71,100,4.52
520,Linjiang,CN,2022-12-29 21:54:12,41.8069,126.9078,-3.91,99,47,1.21
521,Haines Junction,CA,2022-12-29 21:54:12,60.7522,-137.5108,-2.25,84,100,0.0
522,Najran,SA,2022-12-29 21:49:42,17.4924,44.1277,52.45,51,16,4.74
523,Capilla De Guadalupe,MX,2022-12-29 21:54:13,20.8333,-102.5833,66.43,19,50,11.59
524,Bilibino,RU,2022-12-29 21:54:13,68.0546,166.4372,-31.29,99,87,2.71
525,Moate,IE,2022-12-29 21:54:14,53.55,-7.7167,42.53,93,100,19.33
526,Kaeo,NZ,2022-12-29 21:54:14,-35.1,173.7833,79.32,64,5,1.03
527,Callaway,US,2022-12-29 21:52:31,30.153,-85.5699,73.45,58,0,11.5
528,Pagudpud,PH,2022-12-29 21:54:15,18.5616,120.7868,72.18,89,89,17.83
529,Miyako,JP,2022-12-29 21:54:15,39.6367,141.9525,31.19,70,62,4.41
530,Sarakhs,IR,2022-12-29 21:54:15,36.5449,61.1577,43.07,69,0,4.85
531,Deblin,PL,2022-12-29 21:54:16,51.5591,21.8483,46.58,39,98,11.23
532,Harrisonville,US,2022-12-29 21:54:16,38.6533,-94.3488,67.78,28,0,16.11
533,Mercedes,AR,2022-12-29 21:53:07,-34.6515,-59.4307,90.86,16,3,4.56
534,Areia Branca,BR,2022-12-29 21:54:17,-4.9561,-37.1369,84.4,76,57,18.05
535,Belyy Yar,RU,2022-12-29 21:54:17,53.6039,91.3903,3.09,84,100,4.47
536,Sangod,IN,2022-12-29 21:54:18,24.9167,76.2833,61.3,32,0,2.66
537,Arman,RU,2022-12-29 21:54:18,59.7,150.1667,-11.99,83,3,8.84
538,Teacapan,MX,2022-12-29 21:54:19,22.55,-105.75,77.54,46,74,9.37
539,Nilopolis,BR,2022-12-29 21:54:19,-22.8075,-43.4139,76.95,88,100,8.05
540,Imeni Babushkina,RU,2022-12-29 21:54:19,59.7573,43.1285,-2.34,100,93,1.72
541,Pacific Grove,US,2022-12-29 21:54:20,36.6177,-121.9166,53.42,94,100,5.99
542,Berbera,SO,2022-12-29 21:54:20,10.4396,45.0143,75.67,77,15,5.14
543,Shar,KZ,2022-12-29 21:54:21,49.5886,81.0453,19.45,96,100,6.44
544,Tuy Hoa,VN,2022-12-29 21:54:21,13.0833,109.3,70.56,91,100,17.92
545,Atasu,KZ,2022-12-29 21:55:22,48.6814,71.6433,7.92,99,100,4.61
546,Road Town,VG,2022-12-29 21:55:23,18.4167,-64.6167,80.64,78,40,10.36
547,Okato,NZ,2022-12-29 21:55:23,-39.2,173.8833,68.86,65,3,12.21
548,Laguna,US,2022-12-29 21:55:24,38.421,-121.4238,53.76,88,100,21.85
549,Tsumeb,NA,2022-12-29 21:55:24,-19.2333,17.7167,69.96,70,68,9.98
550,Khandyga,RU,2022-12-29 21:55:24,62.6667,135.6,-24.16,100,98,2.55
551,Sirajganj,BD,2022-12-29 21:55:25,24.45,89.7167,62.51,49,7,4.12
552,Annau,TM,2022-12-29 21:55:25,37.8876,58.516,42.3,45,1,6.91
553,Asfi,MA,2022-12-29 21:55:26,32.2994,-9.2372,61.86,56,0,11.48
554,Naryan-Mar,RU,2022-12-29 21:55:26,67.6713,53.087,-0.08,88,100,10.38
555,Edson,CA,2022-12-29 21:53:31,53.5835,-116.4356,17.74,93,0,2.3
556,Medvedevo,RU,2022-12-29 21:55:27,56.6339,47.804,7.59,98,95,3.94
557,Bilecik,TR,2022-12-29 21:55:27,40.0,30.1667,38.28,79,0,7.87
558,Coahuayana,MX,2022-12-29 21:55:27,18.7333,-103.6833,83.82,44,80,6.15
559,Inyonga,TZ,2022-12-29 21:55:28,-6.7167,32.0667,64.04,95,100,3.11
560,Mhlume,SZ,2022-12-29 21:55:28,-26.0333,31.85,68.76,96,100,9.33
561,Pundaguitan,PH,2022-12-29 21:55:29,6.3711,126.1689,79.84,80,95,5.59
562,Camana,PE,2022-12-29 21:55:29,-16.6228,-72.7111,71.06,82,70,5.39
563,Akureyri,IS,2022-12-29 21:55:29,65.6835,-18.0878,17.53,86,75,6.91
564,Aspindza,GE,2022-12-29 21:55:30,41.5739,43.2483,25.5,71,12,4.61
565,Mormugao,IN,2022-12-29 21:55:30,15.4,73.8,76.19,63,4,5.32
